Year,Name,College,POS,Rookie AV,Height (in),Weight (lbs),Hand Size (in),Arm Length (in),Wonderlic,40 Yard,Bench Press,Vert Leap (in),Broad Jump (in),Shuttle,3Cone,60Yd Shuttle,Cmp,PassAtt,Pct,PassYds,Y/A,AY/A,PassTD,Int,Rate,RushAtt,RushYds,RushAvg,RushTD
2002,David Carr,Fresno St.,QB,35,75.4,223,9.75,31.75,24,4.67,,35,106,4.28,7.05,,565,901,62.7,7458,8.3,8.6,65,22,151.2,177,95,0.5,9
2002,Joey Harrington,Oregon,QB,24,76,215,9.75,31.5,32,4.85,,32,107,4.21,7,,512,928,55.2,6911,7.4,7.6,59,23,133.8,145,210,1.4,18
2002,Josh McCown,Sam Houston St.,QB,15,75.9,221,9,30.5,30,4.64,,38.5,118,3.9,6.85,,340,664,51.2,4022,6.1,4.6,27,34,105.3,198,201,1,4
2002,Patrick Ramsey,Tulane,QB,14,74.5,219,10,31.13,32,5.24,,33.5,111,4.09,7.12,,798,1355,58.9,9205,6.8,6.2,72,51,126,152,-128,-0.8,4
2002,David Garrard,East Carolina,QB,9,73.9,235,10.5,31,14,4.83,,33.5,110,4.26,7.35,,666,1169,57,9029,7.7,7.2,60,39,132.1,516,1209,2.3,21
2002,Ronald Curry,North Carolina,QB,6,73.9,220,9.75,31.5,22,4.65,,35,110,4.11,7.06,,345,695,49.6,4987,7.2,5.7,28,35,113.1,348,1249,3.6,13
2002,Kurt Kittner,Illinois,QB,1,74.3,211,9,31,31,4.86,,27,97,4.5,7.34,,668,1229,54.4,8460,6.9,6.7,66,33,124.5,192,168,0.9,7
2002,Randy Fasani,Stanford,QB,1,75.4,234,9.75,31.75,25,4.78,,31.5,106,3.87,6.75,,188,369,50.9,2973,8.1,8.1,25,11,135,127,317,2.5,6
2002,David Neill,Nevada,QB,0,75,206,,,25,4.95,,30,108,4.44,7.28,,763,1376,55.5,10903,7.9,7.9,73,33,134.7,351,761,2.2,14
2002,Greg Zolman,Vanderbilt,QB,0,73.8,220,8,31,23,4.9,,34,110,4.14,7.06,,596,1156,51.6,7981,6.9,5.8,41,46,113.3,228,-274,-1.2,12
2002,Brandon Doman,BYU,QB,0,73.8,210,9.5,31.5,27,4.87,,32.5,106,4.08,6.9,,313,504,62.1,4354,8.6,8.8,35,14,152,184,673,3.7,11
2002,J.T. O'Sullivan,California-Davis,QB,0,74.1,223,9.5,31,35,4.93,,29,105,4.28,7.46,,0,0,0,0,0,0,0,0,0,0,0,0,0
2002,Rohan Davey,LSU,QB,0,74,245,9.5,33,17,4.74,,25.5,,,,,286,478,59.8,4415,9.2,9,29,15,151.2,66,77,1.2,0
2003,Carson Palmer,USC,QB,40,77,232,9.5,32.75,26,4.65,,,,,,,927,1569,59.1,11818,7.5,7,72,49,131.2,255,-197,-0.8,9
2003,Byron Leftwich,Marshall,QB,32,77.4,241,9.75,32,25,5.1,,,,,,,939,1442,65.1,11903,8.3,8.6,89,28,150.9,190,181,1,6
2003,Kyle Boller,California,QB,15,75,234,9.75,32.63,27,4.65,,35.5,117,3.99,7.19,,622,1301,47.8,7980,6.1,5.5,64,48,108.2,275,-169,-0.6,6
2003,Rex Grossman,Florida,QB,13,73,217,9.25,29.25,29,5.06,,,,,,,677,1110,61,9164,8.3,8.2,77,36,146.7,119,-133,-1.1,6
2003,Tony Romo,East. Illinois,QB,12,74,230,,,30,5.01,,30,105,4.2,7.11,,0,0,0,0,0,0,0,0,0,0,0,0,0
2003,Chris Simms,Texas,QB,8,76.4,220,10.5,32.75,22,4.86,,31,103,4.18,7.37,,535,911,58.7,7097,7.8,7.5,58,31,138.4,159,-137,-0.9,10
2003,Seneca Wallace,Iowa St.,QB,4,71.4,196,9.13,30.38,12,4.52,,38,127,4.14,6.97,,411,712,57.7,5289,7.4,6.5,26,27,124.6,237,912,3.8,15
2003,Dave Ragone,Louisville,QB,1,75.6,249,9.75,31.5,31,4.98,,30.5,101,4.32,7.4,,685,1180,58.1,8564,7.3,7.4,74,29,134.8,326,597,1.8,9
2003,Brad Banks,Iowa,QB,0,70.8,201,9.5,31.5,13,4.67,,33.5,112,,,,211,362,58.3,3155,8.7,9.5,30,7,155,122,574,4.7,7
2003,D Bryant,Duke,QB,0,74,218,8.88,30.5,23,4.78,,35.5,114,4.34,7.36,,316,642,49.2,3902,6.1,4.7,16,27,100.1,162,-81,-0.5,4
2003,Josh Blankenship,Tulsa,QB,0,74,211,,,24,5.16,,28.5,103,4.42,7.59,,443,844,52.5,5273,6.2,5,21,32,105.6,175,-6,0,1
2003,Juston Wood,Portland St.,QB,0,72.6,207,9.25,31,30,4.84,,32.5,113,4.07,7.13,,0,0,0,0,0,0,0,0,0,0,0,0,0
2003,Brian St. Pierre,Boston Col.,QB,0,75,218,,,27,4.82,,30,106,,,,457,803,56.9,5837,7.3,6.7,48,32,129.7,172,419,2.4,2
2003,Kliff Kingsbury,Texas Tech,QB,0,75.5,213,8.5,32,31,4.76,,30,101,4.07,6.91,,1231,1883,65.4,12429,6.6,6.7,95,40,133.2,273,-166,-0.6,5
2004,Ben Roethlisberger,Miami (OH),QB,47,76.9,241,9.38,31.5,25,4.75,,,,,,,854,1304,65.5,10829,8.3,8.4,84,34,151.3,269,246,0.9,7
2004,Eli Manning,Mississippi,QB,34,76.8,221,9.13,30.25,39,4.9,,,,,,,829,1363,60.8,10119,7.4,7.5,81,35,137.7,128,-135,-1.1,5
2004,Philip Rivers,North Carolina St.,QB,31,77,229,9.25,32.13,30,5.08,,,,,,,1087,1710,63.6,13484,7.9,8.1,95,34,144.2,252,96,0.4,17
2004,J.P. Losman,Tulane,QB,18,74.3,224,9,31.5,31,4.7,,33,116,,,,570,987,57.8,6754,6.8,6.8,60,27,129.8,237,241,1,10
2004,Matt Schaub,Virginia,QB,12,77.6,243,9.38,31.38,30,5.05,,30.5,110,4.62,7.65,,716,1069,67,7502,7,7,56,26,138.4,132,58,0.4,5
2004,Luke McCown,Louisiana Tech,QB,6,75.9,208,9.38,31.38,24,4.71,,37.5,125,4.21,6.74,,1063,1775,59.9,12666,7.1,6.5,87,62,129,274,65,0.2,10
2004,Cody Pickett,Washington,QB,1,75.5,233,9.63,31.38,19,4.8,,30.5,109,4.3,7.19,,792,1373,57.7,9916,7.2,6.6,53,42,125,249,-186,-0.7,11
2004,Craig Krenzel,Ohio St.,QB,1,75.5,228,9.13,32.75,38,4.84,,28,112,4.08,7.22,,328,577,56.8,4489,7.8,7.1,28,21,130.9,247,600,2.4,6
2004,Robert Kent,Jackson St.,QB,0,76.3,222,8.88,33.63,,4.85,,26.5,110,4.22,7.69,,0,0,0,0,0,0,0,0,0,0,0,0,0
2004,Rod Rutherford,Pittsburgh,QB,0,73.6,240,9.38,30.38,17,4.79,,30.5,110,4.41,7.66,,458,842,54.4,6724,8,7.8,60,30,137.9,419,880,2.1,14
2004,Scott Rislov,San Jose St.,QB,0,73,224,9.25,31.13,,4.94,,30,119,4.34,7.44,,536,886,60.5,6267,7.1,7,40,19,130.5,125,-18,-0.1,0
2004,Jason Fife,Oregon,QB,0,75.9,226,8.5,32.38,26,4.95,,30.5,113,4.18,7.28,,260,496,52.4,3702,7.5,7.4,30,14,129.4,121,289,2.4,8
2004,Bradlee Van Pelt,Colorado St.,QB,0,74.3,231,9.63,30.63,25,4.96,,33.5,115,4.11,6.89,,424,778,54.5,6165,7.9,7.1,37,30,129,420,2274,5.4,25
2004,Jeff Smoker,Michigan St.,QB,0,75.1,223,9.88,29.5,23,4.95,,26.5,101,4.36,7.65,,685,1150,59.6,8932,7.8,7.3,61,39,135.5,255,-218,-0.9,7
2004,John Navarre,Michigan,QB,0,78,246,9,31.38,24,5.18,,26.5,100,4.46,7.73,,744,1327,56.1,9014,6.8,6.8,70,30,126,144,-241,-1.7,2
2004,Josh Harris,Bowling Green,QB,0,73.5,238,8.88,31.5,25,4.84,,31,115,,,,627,1028,61,7503,7.3,7.1,55,28,134.5,596,2473,4.1,43
2005,Jason Campbell,Auburn,QB,24,76.75,230,9.63,33.63,28,4.72,,,,,7.42,,552,854,64.6,7299,8.5,8.3,45,24,148.2,249,307,1.2,9
2005,Derek Anderson,Oregon St.,QB,19,78.125,242,9.88,33,23,5.06,,29,101,4.62,7.67,,768,1515,50.7,11249,7.4,6.8,79,57,122.7,182,-533,-2.9,8
2005,Aaron Rodgers,California,QB,15,74,223,10.13,32.25,39,4.75,,34.5,110,,7.38,,424,665,63.8,5469,8.2,8.6,43,13,150.3,160,336,2.1,8
2005,Kyle Orton,Purdue,QB,12,76,233,10,30.25,27,5.11,,26.5,,4.52,7.38,,786,1336,58.8,9337,7,7,63,28,128.9,271,316,1.2,6
2005,Alex Smith,Utah,QB,7,76.125,217,9.13,31.75,40,4.78,,32,113,3.96,6.82,,389,587,66.3,5203,8.9,9.9,47,8,164.4,86,1072,3.7,15
2005,Charlie Frye,Akron,QB,7,75.875,225,8.88,31.13,38,4.85,,33,109,4.08,6.94,,913,1436,63.6,11049,7.7,7.6,64,32,138.5,375,429,1.1,19
2005,Ryan Fitzpatrick,Harvard,QB,6,74.375,232,10.75,31.13,48,4.87,,30.5,103,4.07,7.09,,0,0,0,0,0,0,0,0,0,0,0,0,0
2005,Dan Orlovsky,Connecticut,QB,4,77,225,9.63,31.88,30,4.98,,29.5,105,4.39,7.33,,916,1567,58.5,10706,6.8,6.4,84,51,127,143,-285,-2,6
2005,Andrew Walter,Arizona St.,QB,1,78.125,233,,,,,,,,,,,777,1416,54.9,10617,7.5,7.6,85,36,132.6,175,-475,-2.7,0
2005,Ben Dougherty,Florida A&M,QB,0,74.125,222,,,,4.84,,33,108,4.34,7.41,,0,0,0,0,0,0,0,0,0,0,0,0,0
2005,Brock Berlin,Miami (FL),QB,0,73.5,221,9.5,30.88,13,4.89,,29,106,4.54,7.49,,459,787,58.3,5752,7.3,7,45,25,132.2,80,-152,-1.9,0
2005,Bryan Randall,Virginia Tech,QB,0,72.25,225,9.5,32.13,19,4.72,,33,112,4.08,6.97,,490,833,58.8,6508,7.8,7.3,48,31,136,409,1526,3.7,11
2005,Chris Rix,Florida St.,QB,0,74,214,10,31.88,26,4.73,,33.5,113,4.53,7.53,,575,1042,55.2,8390,8.1,7.5,63,40,135.1,306,823,2.7,12
2005,Craig Ochs,Montana,QB,0,73.75,218,9.13,31,,4.91,,28.5,101,4.13,7.03,,265,453,58.5,3325,7.3,6.6,16,15,125.2,104,205,2,4
2005,Dustin Long,Sam Houston St.,QB,0,74.5,208,9.63,31.25,,4.69,,30.5,108,4.08,6.77,,240,437,54.9,3218,7.4,6.2,23,22,124.1,70,-21,-0.3,1
2005,Gino Guidugli,Cincinnati,QB,0,75.75,229,10,31.13,30,5.04,,29,97,4.52,7.41,,880,1556,56.6,11453,7.4,7,78,48,128.8,235,208,0.9,5
2005,Jared Allen,Florida Atlantic,QB,0,74.25,218,8.88,30.25,19,5,,27.5,106,4.39,7.29,,177,291,60.8,2554,8.8,8.4,13,8,143.8,63,-13,-0.2,2
2005,Jason White,Oklahoma,QB,0,74.5,223,9.63,31.25,31,4.93,,31,102,4.19,7.28,,627,990,63.3,7922,8,8.5,81,24,152.7,124,-45,-0.4,2
2005,Josh Haldi,Northern Illinois,QB,0,74,215,9.63,30.38,30,4.68,,33,113,4.07,6.89,,427,776,55,6015,7.8,8.1,55,19,138.6,176,-99,-0.6,6
2005,Timmy Chang,Hawaii,QB,0,73,211,10,31.63,26,5.1,,29,103,4.2,7.24,,1388,2436,57,17072,7,6.5,117,80,125.1,151,-162,-1.1,6
2005,Adrian McPherson,Florida St.,QB,0,75.5,218,9,32.75,26,4.73,22,34.5,128,4.08,6.93,,98,192,51,1215,6.3,7.6,14,1,127.2,71,196,2.8,0
2005,David Greene,Georgia,QB,0,75.5,226,10,33.25,21,4.8,,31.5,113,4.1,7,,849,1440,59,11528,8,8,72,32,138.3,204,-258,-1.3,5
2005,James Kilian,Tulsa,QB,0,75.25,218,,,,,,,,,,,410,758,54.1,4865,6.4,5.6,36,30,115.8,329,1083,3.3,19
2005,Stefan LeFors,Louisville,QB,0,72.125,208,9.25,30.5,35,4.61,,31,111,4.09,7.03,,416,630,66,5853,9.3,9.6,38,13,159.8,146,756,5.2,6
2006,Jay Cutler,Vanderbilt,QB,40,75.25,226,9.38,31.5,26,4.81,23,,,4.26,7.1,,710,1242,57.2,8697,7,6.6,59,36,125.9,453,1256,2.8,17
2006,Vince Young,Texas,QB,27,76.6,229,9.13,33.25,15,4.48,,,,,,,444,718,61.8,6040,8.4,7.9,44,28,144.9,457,3127,6.8,37
2006,Matt Leinart,USC,QB,12,76.875,223,10.13,33.5,35,4.9,,,,,,,807,1245,64.8,10693,8.6,9.3,99,23,159.5,132,-70,-0.5,9
2006,Tarvaris Jackson,Alabama St.,QB,12,74,226,9.38,31.75,19,4.7,22,31.5,107,4.38,7.4,,17,48,35.4,196,4.1,1.7,1,3,64.1,21,-2,-0.1,0
2006,Bruce Gradkowski,Toledo,QB,6,73.375,217,9,30.25,,4.63,,34,107,4.16,7.12,,766,1123,68.2,9225,8.2,8.6,85,27,157.4,248,1018,4.1,14
2006,Kellen Clemens,Oregon,QB,3,73.625,224,9.38,30.5,35,4.89,,,,,,,613,1005,61,7555,7.5,7.7,61,24,139.4,273,535,2,6
2006,Brodie Croyle,Alabama,QB,2,74.5,205,9.88,31.13,24,4.94,,30.5,104,4.25,7.34,,488,869,56.2,6382,7.3,7.1,41,22,128.4,183,-177,-1,4
2006,Barrick Nealy,Texas St.,QB,0,76,226,9.25,31.63,,4.65,,32.5,114,4.26,6.94,,45,84,53.6,542,6.5,5,3,4,110,36,190,5.3,2
2006,Brett Basanez,Northwestern,QB,0,73.25,220,9,30.63,,4.79,,34,114,4.22,6.75,,913,1584,57.6,10580,6.7,6.2,44,36,118.4,391,996,2.5,18
2006,Bruce Eugene,Grambling St.,QB,0,72.25,260,9.38,31.75,,5.13,,27.5,94,4.76,7.97,,0,0,0,0,0,0,0,0,0,0,0,0,0
2006,Darrell Hackney,Ala-Birmingham,QB,0,71.63,239,9.25,31.75,40,4.86,,33,110,4.69,7.62,,694,1246,55.7,9886,7.9,7.9,71,33,135.9,255,92,0.4,6
2006,Drew Olson,UCLA,QB,0,73.625,222,8.75,31,,5.12,,23,97,4.42,,,664,1148,57.8,8532,7.4,7.3,67,32,134,199,-208,-1,2
2006,Erik Meyer,East. Washington,QB,0,73,210,9.25,31.75,,4.7,,32.5,112,4.12,6.83,,0,0,0,0,0,0,0,0,0,0,0,0,0
2006,Justin Holland,Colorado St.,QB,0,74.375,219,,,,,,,,,,,426,681,62.6,5668,8.3,7.3,36,32,140.5,69,-291,-4.2,0
2006,Kent Smith,Central Michigan,QB,0,76.75,216,9.13,34.38,,4.64,,35,122,4.47,7.41,,453,785,57.7,5179,6.6,6.6,33,15,123.2,284,900,3.2,18
2006,Marcus Vick,Virginia Tech,QB,0,72,200,8.75,31.13,11,4.51,,36,117,4.08,6.94,,207,346,59.8,2868,8.3,7.4,19,15,138.9,184,482,2.6,6
2006,Paul Pinegar,Fresno St.,QB,0,76.875,232,9.75,31.25,,5.14,,29,110,4.49,7.36,,842,1405,59.9,10136,7.2,6.8,84,49,133.3,200,9,0,8
2006,Quinton Porter,Boston Col.,QB,0,76.625,233,9.63,32.13,,4.72,,33.5,116,4.1,6.76,,290,484,59.9,3203,6.6,6.3,23,14,125.4,115,170,1.5,2
2006,Travis Lulay,Montana St.,QB,0,74.375,216,9.88,30.25,37,4.74,,35,111,4.07,6.93,,0,0,0,0,0,0,0,0,0,0,0,0,0
2006,Charlie Whitehurst,Clemson,QB,0,76.75,223,9.38,32.38,33,4.76,,33,112,4.11,7,,817,1368,59.7,9665,7.1,6.3,49,46,124.2,266,98,0.4,10
2006,D.J. Shockley,Georgia,QB,0,73.13,214,9,32.13,19,4.61,,37.5,121,4.17,7.07,,240,443,54.2,3555,8,8.6,34,9,142.8,154,643,4.2,7
2006,Ingle Martin,Furman,QB,0,74.25,220,9.5,31,30,4.72,,36,111,4.17,7.13,,54,87,62.1,750,8.6,8.3,3,2,141.3,25,70,2.8,0
2006,Omar Jacobs,Bowling Green,QB,0,75.875,232,10.5,33.75,38,4.86,,32.5,108,4.29,7.47,,523,811,64.5,6938,8.6,9.7,71,11,162.5,153,451,2.9,7
2006,Reggie McNeal,Texas A&M,QB,0,74,198,8.88,32.25,,4.43,,32,121,4.25,6.96,,478,875,54.6,6992,8,7.8,44,23,133.1,411,1889,4.6,15
2007,Trent Edwards,Stanford,QB,18,76.125,231,10,32.38,31,4.78,19,,,4.46,7.14,,487,865,56.3,5429,6.3,5.4,36,33,115.1,226,199,0.9,2
2007,Tyler Thigpen,Coastal Carolina,QB,10,73.875,223,,,,,,,,,,,0,0,0,0,0,0,0,0,0,0,0,0,0
2007,JaMarcus Russell,LSU,QB,6,77.5,265,9.63,35,24,4.83,,,,,,,493,797,61.9,6625,8.3,8.4,52,21,147.9,139,79,0.6,4
2007,Kevin Kolb,Houston,QB,5,75.13,218,9.88,32.25,,4.89,,32.5,112,4.44,6.94,,964,1565,61.6,12964,8.3,8.5,85,31,145.1,472,751,1.6,21
2007,Drew Stanton,Michigan St.,QB,4,75.25,226,9.63,32,35,4.77,,30.5,108,4.41,6.77,,543,846,64.2,6524,7.7,7.2,42,28,138.7,332,1512,4.6,15
2007,Brady Quinn,Notre Dame,QB,3,75.75,232,10.25,32.5,29,4.73,24,,,,,,929,1602,58,11762,7.3,7.4,95,39,134.4,254,182,0.7,6
2007,John Beck,BYU,QB,2,74.125,215,9.5,31.75,30,4.78,,29.5,111,4.17,6.81,,885,1418,62.4,11021,7.8,7.8,79,34,141.3,267,38,0.1,9
2007,Chris Leak,Florida,QB,0,71.875,209,9.5,31.75,,4.77,,32.5,113,4.41,7.03,,895,1458,61.4,11213,7.7,7.6,88,42,140.1,311,137,0.4,13
2007,James Pinkney,East Carolina,QB,0,74.5,208,10.5,33.5,,4.81,,34,112,4.49,7.35,,687,1189,57.8,8173,6.9,6.3,46,35,122.4,289,390,1.3,11
2007,Jared Zabransky,Boise St.,QB,0,74.125,219,9,32.38,36,4.59,,35.5,111,4.08,6.78,,610,980,62.2,8256,8.4,7.9,58,37,145,351,863,2.5,31
2007,Jeff Smith,Georgetown (KY),QB,0,77.125,237,,,,,,,,,,,0,0,0,0,0,0,0,0,0,0,0,0,0
2007,John Stocco,Wisconsin,QB,0,73.63,207,9,31,,5.1,,27,104,4.6,7.29,,534,934,57.2,7227,7.7,7.7,47,22,134.1,192,-144,-0.8,7
2007,Josh Swogger,Montana,QB,0,76.5,237,10.13,31.25,,5.14,,28.5,107,4.76,7.25,,141,292,48.3,1978,6.8,6,15,12,113.9,48,-19,-0.4,0
2007,Luke Getsy,Akron,QB,0,74.5,222,9.5,31.5,20,4.99,,32.5,106,4.46,6.95,,480,918,52.3,6149,6.7,6.5,41,23,118.3,118,-137,-1.2,1
2007,Matt Gutierrez,Idaho St.,QB,0,76.25,232,9.63,33.75,28,5.04,,29.5,108,4.28,6.99,,27,41,65.9,286,7,7.5,1,0,132.5,10,6,0.6,1
2007,Toby Korrodi,Central Missouri St.,QB,0,75.5,234,9,31.75,12,5.37,,25,91,4.64,7.77,,0,0,0,0,0,0,0,0,0,0,0,0,0
2007,Tyler Palko,Pittsburgh,QB,0,73.38,215,9.5,32.5,18,4.88,,31.5,112,4.36,7.05,,645,1075,60,8343,7.8,7.9,66,25,140.8,275,86,0.3,12
2007,Zac Taylor,Nebraska,QB,0,74.375,216,9,32,,5.08,,30.5,110,4.6,7.39,,471,822,57.3,5853,7.1,7.1,45,20,130.3,139,-64,-0.5,2
2007,Isaiah Stanback,Washington,QB,0,74.375,216,,,,,22,,,,,,269,523,51.4,3868,7.4,7.2,22,12,122.9,234,794,3.4,11
2007,Jeff Rowe,Nevada,QB,0,77.25,226,,,21,4.91,,29.5,114,4.42,6.72,,682,1122,60.8,7862,7,6.7,55,33,129.9,317,561,1.8,13
2007,Jordan Palmer,Texas-El Paso,QB,0,77.63,231,10,33.38,23,4.99,,30.5,104,4.58,7.32,,851,1427,59.6,11084,7.8,7,88,64,136.3,216,-43,-0.2,7
2008,Matt Ryan,Boston Col.,QB,55,76.75,228,9.5,32.63,32,4.94,,,,4.51,7.4,,807,1347,59.9,9313,6.9,6.5,56,37,126.2,168,58,0.3,11
2008,Joe Flacco,Delaware,QB,48,78.38,236,9.63,33.13,27,4.86,,28.5,110,4.27,6.82,,1,4,25,11,2.8,2.8,0,0,48.1,6,0,0,0
2008,Chad Henne,Michigan,QB,18,74.88,230,9,31.63,22,4.95,,25.5,106,4.4,7.17,,828,1387,59.7,9715,7,7.1,87,37,133.9,180,-315,-1.8,3
2008,Josh Johnson,San Diego,QB,4,74.75,213,9,30.38,24,4.53,16,33.5,110,4.42,7.56,11.51,0,0,0,0,0,0,0,0,0,0,0,0,0
2008,Matt Flynn,LSU,QB,3,74.25,231,9,31.5,38,4.81,,28,109,4.34,7.21,,245,437,56.1,3096,7.1,7.2,31,13,133,128,340,2.7,5
2008,Dennis Dixon,Oregon,QB,2,75.25,195,,,,,,,,,,,444,695,63.9,5129,7.4,7.1,38,21,137.9,258,1208,4.7,12
2008,Adam Tafralis,San Jose St.,QB,0,73.125,221,9.38,32,,4.85,,32,108,4.33,7.14,,603,1027,58.7,7548,7.3,7.1,52,29,131.5,247,563,2.3,9
2008,Anthony Morelli,Penn St.,QB,0,75.625,231,9.88,33.13,,5.09,16,26.5,108,4.6,7.43,,460,821,56,5275,6.4,6.1,31,19,117.8,92,-121,-1.3,1
2008,Bernard Morris,Marshall,QB,0,75,223,9.5,34.5,,4.77,18,24.5,109,,,,483,803,60.1,5616,7,6.2,31,28,124.7,292,1089,3.7,10
2008,Kyle Wright,Miami (FL),QB,0,75.4,218,9.5,33,,4.9,,25.5,105,4.32,7.34,,478,807,59.2,5835,7.2,6.4,38,31,127.8,207,-99,-0.5,4
2008,Paul Smith,Tulsa,QB,0,73.25,208,9.75,31.63,,4.97,,26.5,111,4.29,7.02,,808,1292,62.5,10936,8.5,8.5,83,35,149.4,328,666,2,28
2008,Sam Keller,Nebraska,QB,0,75.625,241,9.75,32.13,,5.03,,24,107,4.35,7.07,,425,703,60.5,5440,7.7,7.5,40,21,138.3,62,-255,-4.1,1
2008,T.C. Ostrander,Stanford,QB,0,74.125,227,,,,,,,,,,,297,580,51.2,3783,6.5,6.2,15,11,110.7,128,-511,-4,0
2008,Alex Brink,Washington St.,QB,0,74.25,211,8.5,32.38,27,5.03,,28,112,4.19,7.22,,848,1451,58.4,10913,7.5,7.2,76,43,133,246,98,0.4,5
2008,Brian Brohm,Louisville,QB,0,74.875,230,9.75,30,32,4.85,,30,115,4.55,7.13,,780,1185,65.8,10775,9.1,9.4,71,24,157.9,172,44,0.3,9
2008,Colt Brennan,Hawaii,QB,0,74.375,207,,,,,,,,,,,1115,1584,70.4,14193,9,9.4,131,42,167.6,267,547,2,15
2008,Erik Ainge,Tennessee,QB,0,77.5,225,9.13,33.25,22,5.04,,21.5,108,4.6,7.51,,733,1210,60.6,8700,7.2,7.1,72,35,134.8,82,-227,-2.8,1
2008,John David Booty,USC,QB,0,74.375,218,8.5,31.5,14,4.93,,22.5,99,4.58,,,518,832,62.3,6125,7.4,7.5,55,21,140.9,61,-180,-3,2
2008,Kevin O'Connell,San Diego St.,QB,0,77,225,8.88,34.13,24,4.66,,31,113,4.38,7.01,,664,1151,57.7,7689,6.7,6.2,46,34,121.1,395,1312,3.3,19
2009,Josh Freeman,Kansas St.,QB,37,77.75,248,10,,27,4.9,,33.5,119,4.43,7.11,,680,1151,59.1,8078,7,6.5,44,34,124.7,214,343,1.6,20
2009,Matthew Stafford,Georgia,QB,34,74.25,225,10,,38,4.81,,30.5,107,4.47,7.06,,564,987,57.1,7731,7.8,7.4,51,33,133.3,141,213,1.5,6
2009,Mark Sanchez,USC,QB,29,74.125,227,10.5,,28,4.93,,32.5,116,4.21,7.06,,313,487,64.3,3965,8.1,8.3,41,16,153.9,70,33,0.5,4
2009,Brian Hoyer,Michigan St.,QB,2,74,215,9.5,,,5.02,,32,109,4.42,7.1,,500,896,55.8,6159,6.9,6.5,35,23,121.3,105,-229,-2.2,2
2009,Curtis Painter,Purdue,QB,2,74.875,225,9.25,,,4.87,,29,102,4.48,7,,987,1648,59.9,11163,6.8,6.3,67,46,124.6,225,348,1.5,13
2009,Stephen McGee,Texas A&M,QB,2,74.88,225,9,,,4.61,,33,112,4.49,7.34,,485,815,59.5,5475,6.7,6.7,28,13,124.1,387,1750,4.5,11
2009,Keith Null,West Texas A&M,QB,1,75.125,222,,,,,,,,,,,0,0,0,0,0,0,0,0,0,0,0,0,0
2009,Pat White,West Virginia,QB,1,72.25,197,9.25,,,4.55,,35,117,4.42,7.06,,507,783,64.8,6049,7.7,7.8,56,23,147.4,684,4480,6.5,47
2009,Nathan Brown,Central Arkansas,QB,0,72.625,219,9,,,4.86,,30.5,106,4.44,7.43,,0,0,0,0,0,0,0,0,0,0,0,0,0
2009,Rudy Carpenter,Arizona St.,QB,0,73.625,218,,,,,11,29,100,4.47,7.25,,799,1309,61,10491,8,8,81,35,143.4,271,-295,-1.1,2
2009,Chase Daniel,Missouri,QB,0,72,218,9.25,,,4.79,,33,,4.31,7.28,,1094,1609,68,12515,7.8,7.9,101,41,148.9,364,970,2.7,10
2009,Chase Holbrook,New Mexico St.,QB,0,76.125,242,10.13,,,5.12,,27,108,4.65,7.93,,1086,1566,69.3,11846,7.6,7.5,85,41,145.6,216,-269,-1.2,8
2009,Cullen Harper,Clemson,QB,0,75,225,9.5,,,4.95,19,30,105,4.49,7.43,,518,815,63.6,5762,7.1,7,42,20,135,131,-213,-1.6,5
2009,Drew Willy,Buffalo,QB,0,75.125,215,9.75,,,4.9,,30.5,109,4.45,7.18,,849,1322,64.2,8748,6.6,6.4,52,30,128.2,275,-193,-0.7,7
2009,Graham Harrell,Texas Tech,QB,0,74.125,223,9.5,,23,5.07,,29.5,98,4.56,7.45,,1403,2011,69.8,15793,7.9,8.4,134,34,154.3,113,-182,-1.6,12
2009,Hunter Cantwell,Louisville,QB,0,76.375,235,10.25,,,5.22,,26,99,4.59,7.4,,313,534,58.6,3912,7.3,6.4,26,23,127.6,56,-183,-3.3,1
2009,Jason Boltus,Hartwick (NY),QB,0,74.75,225,9.13,,,4.82,26,31.5,111,4.47,7,,0,0,0,0,0,0,0,0,0,0,0,0,0
2009,John Parker Wilson,Alabama,QB,0,74,219,9.5,,,4.75,,29.5,105,4.59,7.53,,665,1175,56.6,7924,6.7,6.4,47,30,121.3,238,175,0.7,11
2009,Mike Reilly,Central Washington,QB,0,75,214,10,,,4.79,,30.5,109,4.11,6.76,,0,0,0,0,0,0,0,0,0,0,0,0,0
2009,Mike Teel,Rutgers,QB,0,75,225,,,,,,,,,,,661,1142,57.9,9383,8.2,7.3,59,49,135.4,56,-210,-3.8,2
2009,Nate Davis,Ball St.,QB,0,73.375,226,9.25,,,4.95,,26.5,99,,,,678,1124,60.3,9233,8.2,8.7,74,22,147.1,173,499,2.9,10
2009,Rhett Bomar,Sam Houston St.,QB,0,74.25,225,9,,,4.7,25,,106,4.06,6.91,,167,308,54.2,2018,6.6,5.7,10,10,113.5,89,184,2.1,4
2009,Tom Brandstater,Fresno St.,QB,0,77,220,9.5,,,4.87,,28.5,106,4.37,6.93,,584,989,59,6857,6.9,6.4,47,32,126.5,132,152,1.2,8
2010,Sam Bradford,Oklahoma,QB,27,76.25,236,9.5,,36,4.79,,,,,,,604,893,67.6,8403,9.4,10.6,88,16,175.6,77,36,0.5,5
2010,Tim Tebow,Florida,QB,12,74.75,236,10.13,,22,4.71,,38.5,115,4.17,6.66,,661,995,66.4,9285,9.3,10.4,88,16,170.8,692,2947,4.3,57
2010,Colt McCoy,Texas,QB,10,73.125,216,9.38,,25,4.79,,,114,,,,1157,1645,70.3,13253,8.1,8.2,112,45,155,447,1571,3.5,20
2010,Thaddeus Lewis,Duke,QB,4,72.5,215,9.63,32.63,,4.84,,28,107,,,,877,1510,58.1,10065,6.7,6.4,67,40,123.4,350,-78,-0.2,9
2010,John Skelton,Fordham,QB,4,77.375,243,9.75,32,24,4.85,,33.5,108,4.33,7.17,,0,0,0,0,0,0,0,0,0,0,0,0,0
2010,Max Hall,BYU,QB,1,72.625,209,9,30,,4.84,,32,102,4.35,7.07,,903,1382,65.3,11365,8.2,8.3,94,40,151.1,189,204,1.1,7
2010,Rusty Smith,Florida Atlantic,QB,1,77,224,,,,,,,,,,,768,1361,56.4,10112,7.4,7.4,76,36,132,115,-335,-2.9,5
2010,Daryll Clark,Penn St.,QB,0,73.875,235,9.5,32.75,,4.72,21,,,,,,444,738,60.2,5742,7.8,8,43,16,140.4,190,619,3.3,22
2010,Jarrett Brown,West Virginia,QB,0,74.875,224,10,,,4.5,,34.5,114,4.39,7.24,,268,421,63.7,2983,7.1,6.5,16,13,129.5,234,1138,4.9,13
2010,Jevan Snead,Mississippi,QB,0,75,219,10,,22,5.04,,33,106,4.33,7.08,,401,727,55.2,5765,7.9,7.1,48,35,133.9,136,248,1.8,7
2010,Matt Nichols,East. Washington,QB,0,73.875,219,,,,,,,,,,,0,0,0,0,0,0,0,0,0,0,0,0,0
2010,Riley Skinner,Wake Forest,QB,0,72,214,9.38,30.5,,5.05,,30,101,4.29,7.04,,903,1349,66.9,9762,7.2,6.9,60,37,136.9,287,161,0.6,4
2010,Tim Hiller,West. Michigan,QB,0,76,229,9.13,,,4.97,18,32.5,118,4.54,7.1,,1013,1608,63,11329,7,7.1,99,41,137.4,165,-109,-0.7,4
2010,Dan LeFevour,Central Michigan,QB,0,75.25,230,9.25,32.5,,4.6,,29.5,110,4.22,6.93,,1171,1763,66.4,12905,7.3,7.6,102,36,142.9,671,2948,4.4,47
2010,Jimmy Clausen,Notre Dame,QB,0,74.625,222,9,,23,4.76,,,,,,,695,1110,62.6,8148,7.3,7.3,60,27,137.2,175,-355,-2,5
2010,Jonathan Crompton,Tennessee,QB,0,75.125,222,,,,,,,,,,,348,629,55.3,4187,6.7,6.2,36,22,123.1,101,-16,-0.2,3
2010,Levi Brown,Troy,QB,0,75.5,229,9.5,31.5,,4.93,20,31.5,106,4.43,7.07,,522,830,62.9,6284,7.6,7.8,38,12,138.7,87,24,0.3,1
2010,Mike Kafka,Northwestern,QB,0,75.125,225,9.25,,,4.93,,32,110,4.37,6.96,,408,637,64.1,4265,6.7,5.9,19,20,123.9,268,887,3.3,11
2010,Sean Canfield,Oregon St.,QB,0,75.75,223,9.25,32.75,,4.93,,29.5,100,4.39,7.26,11.89,552,861,64.1,5970,6.9,6.5,38,26,130.9,93,-313,-3.4,3
2010,Tony Pike,Cincinnati,QB,0,77.75,223,10,,,4.9,,28.5,108,4.53,7.06,,421,682,61.7,5018,7.4,7.5,49,20,141.4,94,128,1.4,3
2010,Zac Robinson,Oklahoma St.,QB,0,74.5,214,9,31.25,,4.68,,35,110,4.4,7.24,,610,999,61.1,8317,8.3,8.3,66,31,146.6,426,1858,4.4,22
2011,Cam Newton,Auburn,QB,63,77,248,9.88,33.75,21,4.56,,35,126,4.18,6.92,,191,292,65.4,2908,10,10.9,30,7,178.2,285,1586,5.6,24
2011,Andy Dalton,TCU,QB,48,74,215,9.5,31.75,29,4.83,,29.5,106,4.27,6.93,,812,1317,61.7,10314,7.8,7.9,71,30,140.7,413,1611,3.9,22
2011,Colin Kaepernick,Nevada,QB,36,76.625,233,9.13,33.5,,4.53,,32.5,115,4.18,6.85,,740,1271,58.2,10098,7.9,8.4,82,24,142.5,600,4112,6.9,59
2011,Christian Ponder,Florida St.,QB,23,74,229,10.25,32.13,35,4.63,,34,116,4.09,6.85,,596,965,61.8,6872,7.1,6.7,49,30,132.1,296,833,2.8,10
2011,Jake Locker,Washington,QB,16,74.5,231,9.63,31.63,20,4.51,,35,115,4.12,6.77,,619,1147,54,7639,6.7,6.2,53,35,119.1,454,1939,4.3,29
2011,Blaine Gabbert,Missouri,QB,8,76.375,234,10,33,42,4.61,,33.5,120,4.26,6.84,,568,933,60.9,6822,7.3,7.3,40,18,132.6,221,458,2.1,8
2011,T.J. Yates,North Carolina,QB,3,75.375,219,10.25,32.5,,5.07,,29.5,104,4.12,6.96,,795,1277,62.3,9377,7.3,6.6,58,46,131.7,220,-333,-1.5,7
2011,Scott Tolzien,Wisconsin,QB,2,74,212,10,30.5,,4.92,,29.5,116,4.12,6.84,,410,602,68.1,5271,8.8,8.5,32,18,153.2,88,-9,-0.1,3
2011,Greg McElroy,Alabama,QB,1,73.875,220,9.38,30.75,43,4.84,,33,107,4.45,7.11,,436,658,66.3,5691,8.6,9.2,39,10,155.4,114,71,0.6,2
2011,Ryan Mallett,Arkansas,QB,1,78.75,253,10.75,34.38,26,5.24,,24,103,,,,552,955,57.8,8385,8.8,9.1,69,24,150.4,135,-141,-1,7
2011,Tyrod Taylor,Virginia Tech,QB,1,72.75,217,10,32.25,,4.47,,37.5,126,4.09,6.78,,495,865,57.2,7017,8.1,8.1,44,20,137.5,501,2196,4.4,23
2011,Adam Froman,Louisville,QB,0,76,220,,,,,,,,,,,243,403,60.3,2987,7.4,7.3,17,9,132,97,153,1.6,2
2011,Jeff Van Camp,Florida Atlantic,QB,0,77.25,218,10.25,32.5,,4.83,,31,114,4.16,6.87,,311,544,57.2,3905,7.2,6.9,29,16,129.2,98,-177,-1.8,4
2011,Jerrod Johnson,Texas A&M,QB,0,77.125,251,9,31.13,,4.75,,29,119,4.31,7.28,,650,1109,58.6,8011,7.2,7.3,67,27,134.4,331,877,2.6,16
2011,Josh Portis,California (PA),QB,0,74.875,211,9.38,34.13,,4.59,,40,126,4.12,6.84,,7,14,50,85,6.1,2.9,0,1,86.7,60,349,5.8,1
2011,Pat Devlin,Delaware,QB,0,75.375,225,9.88,32,,4.81,,33,116,4.32,7.08,,25,48,52.1,459,9.6,11.2,4,0,159.9,10,2,0.2,2
2011,Ryan Colburn,Fresno St.,QB,0,74.75,233,9.5,30,,5.12,,,,4.28,6.84,,412,663,62.1,5334,8,8,42,20,144.6,162,248,1.5,5
2011,Nathan Enderle,Idaho,QB,0,76.125,240,9.88,31.25,,5.12,,25.5,102,4.46,7.13,,779,1427,54.6,10084,7.1,6.2,74,60,122.7,228,-349,-1.5,3
2011,Ricky Stanzi,Iowa,QB,0,76.375,223,10,32,30,4.87,,32.5,110,4.43,6.95,,542,907,59.8,7377,8.1,7.8,56,31,141.6,160,-4,0,2
2012,Russell Wilson,Wisconsin,QB,70,70.625,204,10.25,31,28,4.53,,34,118,4.09,6.97,,907,1489,60.9,11720,7.9,8.4,109,30,147.2,441,1421,3.2,23
2012,Andrew Luck,Stanford,QB,48,76,234,10,32.63,37,4.59,,36,124,4.28,6.8,,713,1064,67,9430,8.9,9.5,82,22,162.8,163,957,5.9,7
2012,Ryan Tannehill,Texas A&M,QB,45,75.875,221,9,32.63,34,4.65,,,,,,,484,774,62.5,5450,7,6.9,42,21,134.2,115,369,3.2,5
2012,Robert Griffin,Baylor,QB,33,74.375,223,9.5,32.25,24,4.33,,39,120,,,,800,1192,67.1,10366,8.7,9.4,78,17,158.9,528,2254,4.3,33
2012,Nick Foles,Arizona,QB,23,77,243,10.63,34.25,29,5.03,,30.5,112,,,,938,1404,66.8,10068,7.2,7.1,67,33,138.1,106,-290,-2.7,4
2012,Kirk Cousins,Michigan St.,QB,16,74.625,214,9.88,31.75,33,4.84,,28.5,109,4.5,7.05,,723,1128,64.1,9131,8.1,8.1,66,30,146.1,111,-127,-1.1,1
2012,Brandon Weeden,Oklahoma St.,QB,15,75.5,221,9.63,31.75,27,4.89,,,,,,,767,1103,69.5,9260,8.4,8.7,75,27,157.6,39,-150,-3.8,1
2012,Case Keenum,Houston,QB,7,72.625,208,9.13,30.88,,4.72,,32.5,103,,,,1546,2229,69.4,19217,8.6,9.1,155,46,160.6,300,897,3,23
2012,Austin Davis,Southern Miss,QB,6,73.625,219,10.38,31.75,,4.69,,31,109,4.11,6.73,,933,1527,61.1,10892,7.1,7.4,83,27,135.4,460,1375,3,25
2012,Brock Osweiler,Arizona St.,QB,5,78.875,242,9.88,33.88,25,4.83,,,,,,,412,680,60.6,5082,7.5,7.5,33,15,135,137,221,1.6,4
2012,Kellen Moore,Boise St.,QB,2,72,197,9.5,30.25,26,4.82,,27,99,4.56,7.41,,1157,1658,69.8,14667,8.8,9.8,142,28,169,101,-133,-1.3,3
2012,Aaron Corp,Richmond,QB,0,75.5,215,9.38,32,,4.61,,31.5,106,4.3,7.03,,19,30,63.3,169,5.6,4.8,1,1,115,4,7,1.8,0
2012,Darron Thomas,Oregon,QB,0,74.625,220,9.5,32.88,,4.77,14,36,121,4.28,7.17,,449,733,61.3,5910,8.1,8.8,66,17,154.1,162,719,4.4,9
2012,Jacory Harris,Miami (FL),QB,0,75,203,9.75,32.13,,4.65,,37,113,4.4,7.1,,703,1170,60.1,8826,7.5,6.9,70,48,135,175,-3,0,5
2012,Jordan Jefferson,LSU,QB,0,76.125,223,10.25,33,,4.58,14,36.5,116,4.06,6.81,,397,678,58.6,4733,7,6.7,34,20,127.8,359,1018,2.8,12
2012,Patrick Witt,Yale,QB,0,75.5,225,9,31.38,,5.08,,31.5,101,4.37,7.14,,6,8,75,48,6,6,0,0,125.4,4,20,5,1
2012,Tyler Hansen,Colorado,QB,0,72.625,218,,,,4.85,,,,,,,506,872,58,5705,6.5,5.9,35,28,119.8,279,478,1.7,8
2012,B.J. Coleman,Tenn-Chattanooga,QB,0,75,233,10.38,31.63,,4.95,,,109,4.38,7.07,,4,8,50,21,2.6,-3,0,1,47.1,7,17,2.4,0
2012,Chandler Harnish,Northern Illinois,QB,0,73.625,219,9.25,32.38,,4.68,,32.5,112,4.15,6.78,,687,1110,61.9,8944,8.1,8.2,68,26,145.1,538,2983,5.5,24
2012,Ryan Lindley,San Diego St.,QB,-4,75.75,229,10,32.63,35,4.86,,29.5,108,4.45,7.52,,961,1732,55.5,12690,7.3,7.1,90,47,128.8,90,-275,-3.1,2
2013,Geno Smith,West Virginia,QB,15,74.375,218,9.28,32.5,24,4.58,,33.5,124,,,,988,1465,67.4,11662,8,8.7,98,21,153.5,245,342,1.4,4
2013,Mike Glennon,North Carolina St.,QB,11,79.125,225,9.58,33.13,26,4.94,,26.5,102,4.52,7.49,,646,1069,60.4,7411,6.9,6.8,63,31,132.3,111,-280,-2.5,3
2013,E.J. Manuel,Florida St.,QB,10,76.625,237,10.38,,28,4.65,,34,118,4.21,7.08,,600,897,66.9,7741,8.6,8.3,47,28,150.4,298,827,2.8,11
2013,Landry Jones,Oklahoma,QB,3,76.125,225,9.18,33,28,5.11,,31,115,4.3,7.12,,1388,2183,63.6,16646,7.6,7.7,123,52,141.5,132,-375,-2.8,3
2013,Matt Barkley,USC,QB,2,74.5,230,10.08,30.63,30,4.91,,,,,,,1001,1562,64.1,12327,7.9,8,116,48,148.7,132,-113,-0.9,6
2013,Jeff Tuel,Washington St.,QB,1,75,218,,,,,,,,,,,530,864,61.3,5932,6.9,6.3,33,25,125.8,261,52,0.2,2
2013,James Vandenberg,Iowa,QB,0,74.75,226,9.68,30.25,,4.92,,32,116,4.52,6.95,,507,888,57.1,5786,6.5,6.3,35,20,120.3,158,67,0.4,7
2013,Matt Scott,Arizona,QB,0,74.125,213,9.08,30.25,22,4.69,,31,118,3.99,6.69,,415,675,61.5,4921,7.3,7,33,19,133.2,212,1138,5.4,8
2013,Ryan Griffin,Tulane,QB,0,75.875,221,,,,,,,,,,,836,1396,59.9,9026,6.5,6.1,56,35,122.4,149,-342,-2.3,1
2013,Tyler Bray,Tennessee,QB,0,78.125,232,9.28,33,24,5.05,,,100,4.51,7.2,,540,922,58.6,7444,8.1,8.2,69,28,145,61,-207,-3.4,1
2013,Colby Cameron,Louisiana Tech,QB,0,74.125,212,9.08,32,,4.78,,30.5,112,4.28,6.98,,545,854,63.8,6417,7.5,7.9,45,13,141.3,139,422,3,5
2013,Collin Klein,Kansas St.,QB,0,76.875,226,9.28,32,,4.78,,29,111,4.4,7.17,,370,604,61.3,4724,7.8,7.7,30,15,138.4,601,2485,4.1,56
2013,B.J. Daniels,South Florida,QB,0,70.625,222,,,,,,,,,,,649,1132,57.3,8433,7.4,6.8,52,39,128.2,526,2068,3.9,25
2013,Brad Sorensen,Southern Utah,QB,0,76.5,229,9.28,32.25,,4.97,,29,112,4.55,7.17,,0,0,0,0,0,0,0,0,0,0,0,0,0
2013,Sean Renfree,Duke,QB,0,75.125,219,,,,,,,,,,,898,1389,64.7,9465,6.8,6.3,51,40,128.2,153,-167,-1.1,9
2013,Tyler Wilson,Arkansas,QB,0,74.125,215,8.68,31.38,20,4.95,,28.5,112,4.39,7.22,,593,948,62.6,7765,8.2,8.1,52,26,144,110,-44,-0.4,4
2013,Zac Dysert,Miami (OH),QB,0,74.875,227,,,24,4.81,,,,,,,1066,1672,63.8,12013,7.2,6.7,73,51,132.4,461,665,1.4,12
2014,Blake Bortles,Central Florida,QB,42,77,232,9.38,32.88,28,4.93,,32.5,114,4.21,7.08,,585,891,65.7,7598,8.5,8.8,56,19,153.8,195,561,2.9,15
2014,Derek Carr,Fresno St.,QB,40,74.375,214,9.13,31.5,20,4.69,,34.5,110,4.2,,,1087,1630,66.7,12843,7.9,8.6,113,24,152.8,164,190,1.2,5
2014,Teddy Bridgewater,Louisville,QB,22,74.125,214,9.25,33,20,,,30,112,4.2,7.17,,781,1142,68.4,9817,8.6,8.9,72,24,157.2,226,170,0.8,6
2014,Jimmy Garoppolo,East. Illinois,QB,8,74.25,226,9.25,31,24,4.97,,30.5,110,4.26,7.04,,0,0,0,0,0,0,0,0,0,0,0,0,0
2014,Johnny Manziel,Texas A&M,QB,5,71.75,207,9.88,31.38,32,4.68,,31.5,112,4.03,6.75,,595,863,68.9,7820,9.1,9.4,63,22,164.1,345,2169,6.3,30
2014,Tom Savage,Pittsburgh,QB,4,75.875,228,9.63,31.63,,4.97,,27,104,4.36,7.33,,430,757,56.8,5690,7.5,7.4,37,19,131.1,167,-319,-1.9,4
2014,A.J. McCarron,Alabama,QB,3,75.25,220,,,,4.94,,28,99,4.34,7.18,,686,1026,66.9,9019,8.8,9.6,77,15,162.5,119,-50,-0.4,3
2014,David Fales,San Jose St.,QB,1,73.625,212,9.25,31.75,,4.99,,28,102,4.5,7.55,,639,938,68.1,8382,8.9,9.3,66,22,161.7,90,-132,-1.5,2
2014,Logan Thomas,Virginia Tech,QB,1,78.125,248,10.88,34.25,,4.61,,35.5,116,4.18,7.05,,693,1248,55.5,9003,7.2,6.6,52,39,123.6,495,1359,2.7,24
2014,Zach Mettenberger,LSU,QB,1,76.875,224,9.75,32.38,,,,,,,,,407,659,61.8,5783,8.8,8.8,35,15,148.4,83,-313,-3.8,0
2014,Bryn Renner,North Carolina,QB,0,75.25,228,9.13,30.38,,4.87,,25.5,108,4.3,7.22,,668,1005,66.5,8221,8.2,8.3,64,25,151.2,164,-93,-0.6,4
2014,Connor Shaw,South Carolina,QB,0,72.375,206,9.25,30,,4.66,,34,115,4.33,7.07,,480,733,65.5,6074,8.3,8.8,56,16,155.9,452,1683,3.7,17
2014,Dustin Vaughan,West Texas A&M,QB,0,76.875,235,8.88,33,,4.95,,29,108,4.43,7.25,,0,0,0,0,0,0,0,0,0,0,0,0,0
2014,Jeff Mathews,Cornell,QB,0,75.75,223,10.13,32.13,,5.26,,25.5,104,4.36,7.14,,0,0,0,0,0,0,0,0,0,0,0,0,0
2014,Jordan Lynch,Northern Illinois,QB,0,72.125,217,8.88,29.75,,4.76,,29.5,109,4.2,6.55,,509,824,61.8,6209,7.5,8,51,14,142.1,662,4343,6.6,48
2014,Stephen Morris,Miami (FL),QB,0,73.875,213,10.25,32.75,,4.63,,30,111,4.49,7.36,,551,955,57.7,7896,8.3,7.9,49,30,137.8,114,70,0.6,3
2014,Aaron Murray,Georgia,QB,0,72.5,207,,,,,,,,,,,921,1478,62.3,13166,8.9,9.3,121,41,158.6,286,396,1.4,16
2014,Garrett Gilbert,SMU,QB,0,75.875,221,,,,,,,,,,,908,1548,58.7,9761,6.3,5.6,49,45,116.3,295,1013,3.4,20
2014,Keith Wenning,Ball St.,QB,0,74.625,218,10,31.25,,5,,28,99,4.25,7.07,,1035,1642,63,11402,6.9,6.9,92,42,134.7,190,328,1.7,13
2014,Tajh Boyd,Clemson,QB,0,72.625,222,,,,4.84,,30.5,104,4.23,7.33,,901,1402,64.3,11904,8.5,8.8,107,39,155.2,505,1165,2.3,26
2015,Jameis Winston,Florida St.,QB,44,75.75,231,9.38,32,27,4.97,,28.5,103,4.36,7.16,,562,851,66,7964,9.4,9.4,65,28,163.3,145,284,2,7
2015,Marcus Mariota,Oregon,QB,43,75.75,222,9.88,32,,4.52,,36,121,4.11,6.87,,779,1167,66.8,10796,9.3,10.5,105,14,171.8,337,2237,6.6,29
2015,Trevor Siemian,Northwestern,QB,13,74.875,210,,,,4.94,,,,,,,550,934,58.9,5931,6.4,5.8,27,24,116.6,142,-23,-0.2,6
2015,Brett Hundley,UCLA,QB,5,75.25,226,10.5,32.13,26,4.63,,36,120,3.98,6.93,,837,1241,67.4,9966,8,8.3,75,25,150.8,479,1747,3.6,30
2015,Bryce Petty,Baylor,QB,4,74.875,230,10,31.88,31,4.87,,34,121,4.13,6.91,,530,845,62.7,8195,9.7,10.6,62,10,166,192,338,1.8,21
2015,Taylor Heinicke,Old Dominion (VA),QB,1,72.375,211,,,,4.76,,,,,,,289,457,63.2,3476,7.6,7.3,30,16,141.8,80,139,1.7,2
2015,Sean Mannion,Oregon St.,QB,1,77.625,229,9,33.5,40,5.14,,31,105,4.39,7.29,,1187,1838,64.6,13600,7.4,7,83,54,135.8,132,-804,-6.1,2
2015,Jameill Showers,Texas-El Paso,QB,0,73.75,231,,,,4.76,,,,,,,297,523,56.8,3480,6.7,6.7,25,11,124.2,173,579,3.3,9
2015,Jerry Lovelocke,Prairie View A&M,QB,0,76.5,248,10.5,34.25,,4.99,,31.5,113,4.51,7.3,,0,0,0,0,0,0,0,0,0,0,0,0,0
2015,Jesse Scroggins,Arizona,QB,0,75,208,,,,4.79,,,,,,,7,18,38.9,152,8.4,7.1,1,1,117,10,41,4.1,0
2015,Kevin Rodgers,Henderson State (AR),QB,0,74.75,201,,,,5.12,,,,,,,0,0,0,0,0,0,0,0,0,0,0,0,0
2015,Mark Myers,John Carroll (OH),QB,0,76,220,,,,4.92,,,,,,,1,4,25,5,1.3,1.3,0,0,35.5,1,-3,-3,0
2015,Matt Joeckel,TCU,QB,0,76,237,,,,4.95,,,,,,,39,69,56.5,469,6.8,7.3,4,1,129.8,5,21,4.2,0
2015,Max Shortell,Jacksonville State (AL),QB,0,76.75,240,,,,5.04,,,,,,,91,170,53.5,1162,6.8,5.9,8,7,118.2,45,62,1.4,0
2015,Nick Montana,Tulane,QB,0,73,207,,,,4.84,,,,,,,227,417,54.4,2285,5.5,4.7,18,15,107.5,61,8,0.1,0
2015,Pete Thomas,La-Monroe,QB,0,77.25,232,,,,5.06,,,,,,,864,1400,61.7,9117,6.5,5.9,36,36,119.8,315,16,0.1,8
2015,Quinn Epperly,Princeton,QB,0,73.75,218,,,,4.89,,,,,,,0,0,0,0,0,0,0,0,0,0,0,0,0
2015,Rakeem Cato,Marshall,QB,0,72.125,171,,,,4.7,,,,,,,1153,1838,62.7,14079,7.7,8,131,44,145.8,307,839,2.7,15
2015,Ryan Williams,Miami (FL),QB,0,76.375,220,9,30.75,,5.06,19,40,123,4.18,6.96,11.4,202,343,58.9,2581,7.5,7.1,17,11,132,52,-196,-3.8,0
2015,Shane Carden,East Carolina,QB,0,73.875,218,9.75,33.25,25,4.94,,29.5,104,4.45,7.17,,1052,1579,66.6,11991,7.6,7.8,86,30,144.6,271,253,0.9,24
2015,Taylor Kelly,Arizona St.,QB,0,73.5,198,,,,4.84,,,,,,,712,1125,63.3,8819,7.8,8.2,79,26,147.7,403,1404,3.5,13
2015,Terrance Broadway,Louisiana,QB,0,72.625,223,,,,4.62,,,,,,,618,965,64,7985,8.3,7.9,52,31,144.9,415,1936,4.7,20
2015,Tyler Murphy,Boston Col.,QB,0,73.5,210,,,,4.78,,,,,,,243,415,58.6,2839,6.8,6.1,19,15,123.9,241,1240,5.1,14
2015,Andrew Manley,East. Illinois,QB,0,75,225,,,,4.9,,,,,,,332,614,54.1,4260,6.9,6.3,25,20,119.3,119,-262,-2.2,2
2015,Anthony Boone,Duke,QB,0,72.25,231,9.63,31.63,20,5.03,,26.5,100,4.62,7.47,,540,923,58.5,5789,6.3,5.9,38,24,119.6,230,800,3.5,16
2015,Blake Sims,Alabama,QB,0,71.5,218,9,31.5,,4.57,,30.5,115,,,,275,430,64,3731,8.7,9,30,10,155.2,150,705,4.7,9
2015,Bo Wallace,Mississippi,QB,0,75.625,211,,,,5.08,,,,,,,747,1186,63,9534,8,7.5,62,41,140.8,395,944,2.4,19
2015,Brandon Bridge,South Alabama,QB,0,76.375,229,9.25,34.25,,4.72,,33,110,4.37,7.18,,189,373,50.7,2325,6.2,5.9,16,10,111.8,138,467,3.4,5
2015,Bryan Bennett,Southeastern Louisiana,QB,0,74.25,211,9.5,31,,4.81,,37,125,4.2,7.13,,45,83,54.2,580,7,7.5,9,3,141.5,62,365,5.9,6
2015,Chris Bonner,Colorado State-Pueblo,QB,0,78.25,237,,,,5.12,,,,,,,0,0,0,0,0,0,0,0,0,0,0,0,0
2015,Cody Fajardo,Nevada,QB,0,73.5,223,9.5,31.38,31,4.63,,32.5,118,4.1,6.95,,878,1348,65.1,9659,7.2,7,57,29,135,636,3482,5.5,44
2015,Cole Stoudt,Clemson,QB,0,76.625,218,,,,4.86,,,,,,,277,421,65.8,2634,6.3,5.9,17,11,126.5,98,200,2,3
2015,Connor Halliday,Washington St.,QB,0,75,196,8.38,31.25,31,4.87,,,,,,,1014,1634,62.1,11308,6.9,6.6,90,50,132.2,112,-492,-4.4,0
2015,Dylan Thompson,South Carolina,QB,0,73.75,223,,,,4.83,,,,,,,390,669,58.3,5391,8.1,8.2,40,16,140.9,122,-6,0,9
2015,Garrett Safron,Sacramento St.,QB,0,72.875,200,,,,4.76,,,,,,,0,0,0,0,0,0,0,0,0,0,0,0,0
2015,Gary Nova,Rutgers,QB,0,73.375,222,,,,4.63,,,,,,,689,1245,55.3,9258,7.4,6.8,73,51,129,140,-256,-1.8,4
2015,Grant Hedrick,Boise St.,QB,0,71.75,191,,,,4.76,,,,,,,475,677,70.2,5656,8.4,8.2,39,19,153.7,250,971,3.9,18
2015,Hutson Mason,Georgia,QB,0,73.75,207,,,,4.79,,,,,,,282,434,65,3492,8,8.7,29,7,151.4,73,-5,-0.1,6
2015,Jake Waters,Kansas St.,QB,0,72.875,204,,,,4.85,,,,,,,421,657,64.1,5970,9.1,9.2,40,16,155.6,272,796,2.9,15
2015,Garrett Grayson,Colorado St.,QB,0,74.5,213,10,30,20,4.84,,,,,,,688,1113,61.8,9190,8.3,8.3,64,27,145.3,212,283,1.3,4
2016,Dak Prescott,Mississippi St.,QB,60,74.25,226,10.88,32.25,,4.79,,32.5,116,4.32,7.11,,734,1169,62.8,9376,8,8.3,70,23,146,536,2521,4.7,41
2016,Carson Wentz,North Dakota St.,QB,45,77.25,237,10,33.25,29,4.77,,30.5,118,4.15,6.86,,392,612,64.1,5115,8.4,8.8,45,14,153.9,216,1028,4.8,13
2016,Jared Goff,California,QB,43,76,215,9,32.75,36,4.82,,27,110,4.47,7.17,,977,1568,62.3,12195,7.8,8.1,96,30,144,170,-114,-0.7,1
2016,Jacoby Brissett,North Carolina St.,QB,24,75.75,231,9.75,32.25,,4.94,,31,113,4.53,7.17,,499,839,59.5,5723,6.8,7.1,46,15,131.3,283,902,3.2,12
2016,Cody Kessler,USC,QB,5,73.25,220,10.88,32.63,,4.89,,29.5,104,4,7.32,,851,1261,67.5,10339,8.2,8.9,88,19,156.4,158,-425,-2.7,7
2016,Jeff Driskel,Louisiana Tech,QB,5,76,234,9.75,33.5,,4.56,,32,122,4.25,7.19,,607,1000,60.7,7437,7.4,7.2,50,28,134.1,312,972,3.1,14
2016,Brandon Allen,Arkansas,QB,2,73.375,217,8.88,31.25,,4.84,,28,110,4.33,7.06,,583,1016,57.4,7463,7.3,7.5,64,26,134.8,134,136,1,4
2016,Kevin Hogan,Stanford,QB,2,75.25,218,10.25,32.38,,4.78,,32.5,113,4.31,6.9,,727,1103,65.9,9385,8.5,8.7,75,29,154.6,315,1249,4,15
2016,Paxton Lynch,Memphis,QB,2,78.625,244,10.25,34.25,,4.86,,36,118,4.26,7.14,,758,1205,62.9,8863,7.4,7.5,59,23,137,288,687,2.4,17
2016,Nate Sudfeld,Indiana,QB,1,78.125,234,9.88,34.25,,,,29,105,,,,593,983,60.3,7879,8,8.3,61,20,144.1,135,132,1,8
2016,Chance Stewart,Hillsdale,QB,0,77.25,254,,,,,,,,,,,0,0,0,0,0,0,0,0,0,0,0,0,0
2016,Joel Stave,Wisconsin,QB,0,77.25,236,10.75,33.25,,4.8,,33.5,115,4.33,7.29,,613,1031,59.5,7635,7.4,6.7,48,37,129.8,102,-266,-2.6,2
2016,Josh Woodrum,Liberty,QB,0,74.875,231,9.25,31.88,,4.8,,31,116,4.31,6.74,,0,0,0,0,0,0,0,0,0,0,0,0,0
2016,Travis Wilson,Utah,QB,0,79.25,232,,,,,,,,,,,646,1068,60.5,7401,6.9,6.4,54,37,128.5,400,1226,3.1,21
2016,Trevone Boykin,TCU,QB,0,72,212,9.38,31.63,,4.77,,32,110,4.4,,,829,1355,61.2,10727,7.9,8,86,37,143.2,507,2049,4,27
2016,Vernon Adams,Oregon,QB,0,70.875,200,9.13,30.25,,4.83,,29.5,114,4.2,6.82,,168,259,64.9,2643,10.2,11.2,26,6,179.1,83,147,1.8,2
2016,Brandon Doughty,Western Kentucky,QB,0,74.75,213,9.13,32,,5.22,,27,103,4.52,7.49,,1023,1491,68.6,12855,8.6,9.1,111,34,161,102,-285,-2.8,3
2016,Cardale Jones,Ohio St.,QB,0,77,253,9.75,33.75,,4.81,,36,,,,,166,269,61.7,2322,8.6,8.6,15,7,147.4,153,617,4,4
2016,Christian Hackenberg,Penn St.,QB,0,76.375,223,9,32,,4.78,,31,114,4.33,7.04,,693,1235,56.1,8457,6.8,6.5,48,31,121.4,208,-242,-1.2,6
2016,Connor Cook,Michigan St.,QB,0,76,217,9.75,33,,4.79,,33,113,4.28,7.21,,673,1170,57.5,9194,7.9,8.2,71,22,139.8,176,209,1.2,3
2016,Jake Rudock,Michigan,QB,0,75,207,,,,,,,,,,,666,1080,61.7,7836,7.3,7.1,54,27,134.1,192,560,2.9,12
